"Approval Date","Drug Name","Submission","Active Ingredients","Company","Submission Classification *","Submission Status"
"12/02/2013","AMOXICILLIN AND CLAVULANATE POTASSIUMANDA  #065420","ORIG-1","AMOXICILLIN; CLAVULANATE POTASSIUM","WOCKHARDT BIO AG","","Approval"
"12/02/2013","CABERGOLINEANDA  #202947","ORIG-1","CABERGOLINE","MYLAN","","Approval"
"12/03/2013","DESOXYNNDA   #005378","SUPPL-28","METHAMPHETAMINE HYDROCHLORIDE","RECORDATI RARE","Labeling","Approval"
"12/03/2013","NORINYL 1+50 28-DAYNDA   #016659","SUPPL-136","MESTRANOL; NORETHINDRONE","ACTAVIS LABS UT INC","Manufacturing (CMC)","Approval"
"12/03/2013","RELPAXNDA   #021016","SUPPL-26","ELETRIPTAN HYDROBROMIDE","PFIZER IRELAND","Manufacturing (CMC)","Approval"
"12/03/2013","INFUVITE ADULTNDA   #021163","SUPPL-28","ALPHA-TOCOPHEROL ACETATE; ASCORBIC ACID; BIOTIN; CHOLECALCIFEROL; CYANOCOBALAMIN; DEXPANTHENOL; FOLIC ACID; NIACINAMIDE; PYRIDOXINE HYDROCHLORIDE; RIBOFLAVIN 5'-PHOSPHATE SODIUM; THIAMINE HYDROCHLORIDE; VITAMIN A PALMITATE; VITAMIN K","SANDOZ CANADA INC","Manufacturing (CMC)","Approval"
"12/03/2013","ADDERALL XR 10NDA   #021303","SUPPL-26","AMPHETAMINE ASPARTATE; AMPHETAMINE SULFATE; DEXTROAMPHETAMINE SACCHARATE; DEXTROAMPHETAMINE SULFATE","SHIRE","Labeling","Approval"
"12/03/2013","ADDERALL XR 15NDA   #021303","SUPPL-26","AMPHETAMINE ASPARTATE; AMPHETAMINE SULFATE; DEXTROAMPHETAMINE SACCHARATE; DEXTROAMPHETAMINE SULFATE","SHIRE","Labeling","Approval"
"12/03/2013","ADDERALL XR 20NDA   #021303","SUPPL-26","AMPHETAMINE ASPARTATE; AMPHETAMINE SULFATE; DEXTROAMPHETAMINE SACCHARATE; DEXTROAMPHETAMINE SULFATE","SHIRE","Labeling","Approval"
"12/03/2013","ADDERALL XR 25NDA   #021303","SUPPL-26","AMPHETAMINE ASPARTATE; AMPHETAMINE SULFATE; DEXTROAMPHETAMINE SACCHARATE; DEXTROAMPHETAMINE SULFATE","SHIRE","Labeling","Approval"
"12/03/2013","ADDERALL XR 30NDA   #021303","SUPPL-26","AMPHETAMINE ASPARTATE; AMPHETAMINE SULFATE; DEXTROAMPHETAMINE SACCHARATE; DEXTROAMPHETAMINE SULFATE","SHIRE","Labeling","Approval"
"12/03/2013","ADDERALL XR 5NDA   #021303","SUPPL-26","AMPHETAMINE ASPARTATE; AMPHETAMINE SULFATE; DEXTROAMPHETAMINE SACCHARATE; DEXTROAMPHETAMINE SULFATE","SHIRE","Labeling","Approval"
"12/03/2013","NEOPROFENNDA   #021903","SUPPL-8","IBUPROFEN LYSINE","RECORDATI RARE","Labeling","Approval"
"12/03/2013","TRINTELLIXNDA   #204447","SUPPL-1","VORTIOXETINE HYDROBROMIDE","TAKEDA PHARMS USA","Manufacturing (CMC)","Approval"
"12/04/2013","AN-SULFUR COLLOIDNDA   #017858","SUPPL-38","TECHNETIUM TC-99M SULFUR COLLOID KIT","PHARMALUCENCE","Manufacturing (CMC)","Approval"
"12/04/2013","STRATTERANDA   #021411","SUPPL-45","ATOMOXETINE HYDROCHLORIDE","LILLY","Labeling","Approval"
"12/04/2013","XANAX XRNDA   #021434","SUPPL-13","ALPRAZOLAM","PHARMACIA AND UPJOHN","Manufacturing (CMC)","Approval"
"12/04/2013","ERYTHROCIN STEARATEANDA  #060359","SUPPL-28","ERYTHROMYCIN STEARATE","ARBOR PHARMS LLC","Labeling","Approval"
"12/04/2013","ERYTHROMYCINANDA  #061621","SUPPL-39","ERYTHROMYCIN","ARBOR PHARMS LLC","Labeling","Approval"
"12/04/2013","ERYTHROMYCIN ETHYLSUCCINATEANDA  #061904","SUPPL-21","ERYTHROMYCIN ETHYLSUCCINATE","ARBOR PHARMS LLC","Labeling","Approval"
"12/04/2013","ERY-TABANDA  #062298","SUPPL-68","ERYTHROMYCIN","ARBOR PHARMS LLC","Labeling","Approval"
"12/04/2013","CIPROFLOXACIN EXTENDED RELEASEANDA  #078712","SUPPL-1","CIPROFLOXACIN; CIPROFLOXACIN HYDROCHLORIDE","FOSUN PHARMA","Labeling","Approval"
"12/04/2013","DORZOLAMIDE HYDROCHLORIDEANDA  #091034","ORIG-1","DORZOLAMIDE HYDROCHLORIDE","ZAMBON SPA","","Approval"
"12/04/2013","DORZOLAMIDE HYDROCHLORIDE AND TIMOLOL MALEATEANDA  #091180","ORIG-1","DORZOLAMIDE HYDROCHLORIDE; TIMOLOL MALEATE","ZAMBON SPA","","Approval"
"12/04/2013","FENOFIBRIC ACIDANDA  #200750","ORIG-1","CHOLINE FENOFIBRATE","LUPIN LTD","","Approval"
"12/04/2013","LARIN 1/20ANDA  #202995","ORIG-1","ETHINYL ESTRADIOL; NORETHINDRONE ACETATE","NOVAST LABS","","Approval"
"12/05/2013","ENABLEXNDA   #021513","SUPPL-9","DARIFENACIN HYDROBROMIDE","APIL","Manufacturing (CMC)","Approval"
"12/05/2013","ZORTRESSNDA   #021560","SUPPL-12","EVEROLIMUS","NOVARTIS","Manufacturing (CMC)","Approval"
"12/05/2013","RESTASISNDA   #050790","SUPPL-23","CYCLOSPORINE","ALLERGAN","Manufacturing (CMC)","Approval"
"12/05/2013","RESTASIS MULTIDOSENDA   #050790","SUPPL-23","CYCLOSPORINE","ALLERGAN","Manufacturing (CMC)","Approval"
"12/05/2013","YERVOYBLA   #125377","SUPPL-55","IPILIMUMAB","BRISTOL MYERS SQUIBB","","Approval"
"12/05/2013","OPANA ERNDA   #201655","SUPPL-10","OXYMORPHONE HYDROCHLORIDE","ENDO PHARMS","Labeling","Approval"
"12/05/2013","ABACAVIR SULFATE, LAMIVUDINE AND ZIDOVUDINEANDA  #202912","ORIG-1","ABACAVIR SULFATE; LAMIVUDINE; ZIDOVUDINE","LUPIN LTD","","Approval"
"12/05/2013","VERSACLOZNDA   #203479","SUPPL-1","CLOZAPINE","TASMAN PHARMA","REMS","Approval"
"12/05/2013","OLYSIONDA   #205123","SUPPL-1","SIMEPREVIR SODIUM","JANSSEN PRODS","Labeling","Approval"
"12/06/2013","DEXEDRINENDA   #017078","SUPPL-47","DEXTROAMPHETAMINE SULFATE","IMPAX LABS INC","Labeling","Approval"
"12/06/2013","OPTIRAY 160NDA   #019710","SUPPL-51","IOVERSOL","LIEBEL-FLARSHEIM","Manufacturing (CMC)","Approval"
"12/06/2013","OPTIRAY 240NDA   #019710","SUPPL-51","IOVERSOL","LIEBEL-FLARSHEIM","Manufacturing (CMC)","Approval"
"12/06/2013","OPTIRAY 300NDA   #019710","SUPPL-51","IOVERSOL","LIEBEL-FLARSHEIM","Manufacturing (CMC)","Approval"
"12/06/2013","OPTIRAY 320NDA   #019710","SUPPL-51","IOVERSOL","LIEBEL-FLARSHEIM","Manufacturing (CMC)","Approval"
"12/06/2013","OPTIRAY 350NDA   #019710","SUPPL-51","IOVERSOL","LIEBEL-FLARSHEIM","Manufacturing (CMC)","Approval"
"12/06/2013","COPAXONENDA   #020622","SUPPL-91","GLATIRAMER ACETATE","TEVA PHARMS USA","Manufacturing (CMC)","Approval"
"12/06/2013","INFANT'S ADVILNDA   #020812","SUPPL-20","IBUPROFEN","GLAXOSMITHKLINE","Manufacturing (CMC)","Approval"
"12/06/2013","PEDIATRIC ADVILNDA   #020812","SUPPL-20","IBUPROFEN","GLAXOSMITHKLINE","Manufacturing (CMC)","Approval"
"12/06/2013","TIKOSYNNDA   #020931","SUPPL-7","DOFETILIDE","PFIZER","Labeling","Approval"
"12/06/2013","VYVANSENDA   #021977","SUPPL-30","LISDEXAMFETAMINE DIMESYLATE","SHIRE DEVELOPMENT","Labeling","Approval"
"12/06/2013","TYZEKANDA   #022011","SUPPL-16","TELBIVUDINE","NOVARTIS","Manufacturing (CMC)","Approval"
"12/06/2013","TYZEKANDA   #022154","SUPPL-13","TELBIVUDINE","NOVARTIS","Manufacturing (CMC)","Approval"
"12/06/2013","COLY-MYCIN SNDA   #050356","SUPPL-55","COLISTIN SULFATE; HYDROCORTISONE ACETATE; NEOMYCIN SULFATE; THONZONIUM BROMIDE","ENDO PHARMS INC","Manufacturing (CMC)","Approval"
"12/06/2013","DORYXNDA   #050795","SUPPL-16","DOXYCYCLINE HYCLATE","MAYNE PHARMA","Manufacturing (CMC)","Approval"
"12/06/2013","DORYXNDA   #050795","SUPPL-17","DOXYCYCLINE HYCLATE","MAYNE PHARMA","Manufacturing (CMC)","Approval"
"12/06/2013","DORYX MPCNDA   #050795","SUPPL-16","DOXYCYCLINE HYCLATE","MAYNE PHARMA","Manufacturing (CMC)","Approval"
"12/06/2013","DORYX MPCNDA   #050795","SUPPL-17","DOXYCYCLINE HYCLATE","MAYNE PHARMA","Manufacturing (CMC)","Approval"
"12/06/2013","XIAFLEXBLA   #125338","SUPPL-61","COLLAGENASE CLOSTRIDIUM HISTOLYTICUM","AUXILIUM PHARMS","","Approval"
"12/06/2013","SOVALDINDA   #204671","ORIG-1","SOFOSBUVIR","GILEAD SCIENCES INC","Type 1 - New Molecular Entity","Approval"
"12/07/2013","NASACORT ALLERGY 24 HOURNDA   #020468","SUPPL-20","TRIAMCINOLONE ACETONIDE","SANOFI AVENTIS US","Manufacturing (CMC)","Approval"
"12/07/2013","NASACORT ALLERGY 24 HOURNDA   #020468","SUPPL-37","TRIAMCINOLONE ACETONIDE","SANOFI AVENTIS US","Manufacturing (CMC)","Approval"
"12/07/2013","PEPCID COMPLETENDA   #020958","SUPPL-20","CALCIUM CARBONATE; FAMOTIDINE; MAGNESIUM HYDROXIDE","J AND J CONSUMER INC","Manufacturing (CMC)","Approval"
"12/09/2013","HUMULIN NBLA   #018781","SUPPL-144","INSULIN SUSP ISOPHANE RECOMBINANT HUMAN","LILLY","","Approval"
"12/09/2013","HUMULIN 70/30BLA   #019717","SUPPL-123","INSULIN RECOMBINANT HUMAN; INSULIN SUSP ISOPHANE RECOMBINANT HUMAN","LILLY","","Approval"
"12/09/2013","HUMULIN 70/30 PENBLA   #019717","SUPPL-123","INSULIN RECOMBINANT HUMAN; INSULIN SUSP ISOPHANE RECOMBINANT HUMAN","LILLY","","Approval"
"12/09/2013","ADENOSCANNDA   #020059","SUPPL-15","ADENOSINE","ASTELLAS","Manufacturing (CMC)","Approval"
"12/09/2013","AEROSPAN HFANDA   #021247","SUPPL-10","FLUNISOLIDE","MYLAN SPECIALITY LP","Manufacturing (CMC)","Approval"
"12/09/2013","CHILDREN'S ALLEGRA ALLERGYNDA   #021909","SUPPL-9","FEXOFENADINE HYDROCHLORIDE","SANOFI AVENTIS US","Manufacturing (CMC)","Approval"
"12/09/2013","CHILDREN'S ALLEGRA HIVESNDA   #021909","SUPPL-9","FEXOFENADINE HYDROCHLORIDE","SANOFI AVENTIS US","Manufacturing (CMC)","Approval"
"12/09/2013","ZENPEPBLA   #022210","SUPPL-15","PANCRELIPASE (AMYLASE;LIPASE;PROTEASE)","ZENPEP","","Approval"
"12/09/2013","ADASUVENDA   #022549","SUPPL-2","LOXAPINE","ALEXZA PHARMS","REMS","Approval"
"12/09/2013","PEGINTRONBLA   #103949","SUPPL-5248","PEGINTERFERON ALFA-2B","SCHERING","","Approval"
"12/09/2013","SYLATRONBLA   #103949","SUPPL-5248","PEGINTERFERON ALFA-2B","SCHERING","","Approval"
"12/09/2013","INDOMETHACINANDA  #202572","ORIG-1","INDOMETHACIN","WATSON LABS INC","","Approval"
"12/09/2013","ILEVRONDA   #203491","SUPPL-5","NEPAFENAC","NOVARTIS","Manufacturing (CMC)","Approval"
"12/09/2013","AMMONIA N 13ANDA  #203938","ORIG-1","AMMONIA N-13","KREITCHMAN PET CTR","","Approval"
"12/10/2013","ZOFRANNDA   #020007","SUPPL-44","ONDANSETRON HYDROCHLORIDE","NOVARTIS","Labeling","Approval"
"12/10/2013","ZOFRAN PRESERVATIVE FREENDA   #020007","SUPPL-44","ONDANSETRON HYDROCHLORIDE","NOVARTIS","Labeling","Approval"
"12/10/2013","ZOFRANNDA   #020103","SUPPL-31","ONDANSETRON HYDROCHLORIDE","NOVARTIS","Labeling","Approval"
"12/10/2013","ZOFRANNDA   #020605","SUPPL-15","ONDANSETRON HYDROCHLORIDE","NOVARTIS","Labeling","Approval"
"12/10/2013","ZOFRAN ODTNDA   #020781","SUPPL-15","ONDANSETRON","NOVARTIS","Labeling","Approval"
"12/10/2013","XELODANDA   #020896","SUPPL-32","CAPECITABINE","HOFFMANN LA ROCHE","Efficacy","Approval"
"12/10/2013","PROTONIXNDA   #020987","SUPPL-48","PANTOPRAZOLE SODIUM","WYETH PHARMS","Labeling","Approval"
"12/10/2013","SOMAVERTBLA   #021106","SUPPL-36","PEGVISOMANT","PHARMACIA","","Approval"
"12/10/2013","PRISTIQNDA   #021992","SUPPL-31","DESVENLAFAXINE SUCCINATE","PF PRISM CV","Labeling","Approval"
"12/10/2013","PROTONIXNDA   #022020","SUPPL-10","PANTOPRAZOLE SODIUM","WYETH PHARMS","Labeling","Approval"
"12/10/2013","PRADAXANDA   #022512","SUPPL-21","DABIGATRAN ETEXILATE MESYLATE","BOEHRINGER INGELHEIM","Labeling","Approval"
"12/10/2013","ONDANSETRON HYDROCHLORIDEANDA  #078257","SUPPL-3","ONDANSETRON HYDROCHLORIDE","MYLAN LABS LTD","Labeling","Approval"
"12/10/2013","PANTOPRAZOLE SODIUMANDA  #078281","SUPPL-15","PANTOPRAZOLE SODIUM","LANNETT CO INC","Labeling","Approval"
"12/10/2013","PRAMIPEXOLE DIHYDROCHLORIDEANDA  #090865","SUPPL-6","PRAMIPEXOLE DIHYDROCHLORIDE","TORRENT PHARMS","Labeling","Approval"
"12/11/2013","HEMABATENDA   #017989","SUPPL-19","CARBOPROST TROMETHAMINE","PHARMACIA AND UPJOHN","Labeling","Approval"
"12/11/2013","GONAL-FBLA   #020378","SUPPL-63","FOLLITROPIN ALFA/BETA","EMD SERONO","","Approval"
"12/11/2013","SEROSTIMBLA   #020604","SUPPL-75","SOMATROPIN","EMD SERONO","","Approval"
"12/11/2013","SEROSTIM LQBLA   #020604","SUPPL-75","SOMATROPIN","EMD SERONO","","Approval"
"12/11/2013","OVIDRELBLA   #021149","SUPPL-36","CHORIOGONADOTROPIN ALFA","EMD SERONO","","Approval"
"12/11/2013","GONAL-FBLA   #021765","SUPPL-32","FOLLITROPIN ALFA/BETA","EMD SERONO","","Approval"
"12/11/2013","GONAL-F RFFBLA   #021765","SUPPL-32","FOLLITROPIN ALFA/BETA","EMD SERONO","","Approval"
"12/11/2013","NORETHINDRONE AND ETHINYL ESTRADIOL AND FERROUS FUMARATENDA   #022573","SUPPL-1","ETHINYL ESTRADIOL; NORETHINDRONE","APIL","Manufacturing (CMC)","Approval"
"12/11/2013","DULOXETINE HYDROCHLORIDEANDA  #090694","ORIG-1","DULOXETINE HYDROCHLORIDE","LUPIN LTD","","Approval"
"12/11/2013","DULOXETINE HYDROCHLORIDEANDA  #090723","ORIG-1","DULOXETINE HYDROCHLORIDE","MARKSANS PHARMA","","Approval"
"12/11/2013","DULOXETINE HYDROCHLORIDEANDA  #090745","ORIG-1","DULOXETINE HYDROCHLORIDE","SUN PHARM","","Approval"
"12/11/2013","DULOXETINE HYDROCHLORIDEANDA  #090774","ORIG-1","DULOXETINE HYDROCHLORIDE","TORRENT","","Approval"
"12/11/2013","DULOXETINE HYDROCHLORIDEANDA  #090778","ORIG-1","DULOXETINE HYDROCHLORIDE","AUROBINDO PHARMA LTD","","Approval"
"12/11/2013","DULOXETINE HYDROCHLORIDEANDA  #090783","ORIG-1","DULOXETINE HYDROCHLORIDE","TEVA PHARMS USA","","Approval"
"12/12/2013","EFUDEXNDA   #016831","SUPPL-55","FLUOROURACIL","BAUSCH","Manufacturing (CMC)","Approval"
"12/12/2013","HUMULIN NBLA   #018781","SUPPL-137","INSULIN SUSP ISOPHANE RECOMBINANT HUMAN","LILLY","","Approval"
"12/12/2013","HUMULIN 70/30BLA   #019717","SUPPL-116","INSULIN RECOMBINANT HUMAN; INSULIN SUSP ISOPHANE RECOMBINANT HUMAN","LILLY","","Approval"
"12/12/2013","HUMULIN 70/30 PENBLA   #019717","SUPPL-116","INSULIN RECOMBINANT HUMAN; INSULIN SUSP ISOPHANE RECOMBINANT HUMAN","LILLY","","Approval"
"12/12/2013","SAIZENBLA   #019764","SUPPL-70","SOMATROPIN","EMD SERONO","","Approval"
"12/12/2013","ZIACNDA   #020186","SUPPL-30","BISOPROLOL FUMARATE; HYDROCHLOROTHIAZIDE","TEVA BRANDED PHARM","Manufacturing (CMC)","Approval"
"12/12/2013","SEROSTIMBLA   #020604","SUPPL-76","SOMATROPIN","EMD SERONO","","Approval"
"12/12/2013","SEROSTIM LQBLA   #020604","SUPPL-76","SOMATROPIN","EMD SERONO","","Approval"
"12/12/2013","PLAVIXNDA   #020839","SUPPL-58","CLOPIDOGREL BISULFATE","SANOFI AVENTIS US","Labeling","Approval"
"12/12/2013","PROTONIX IVNDA   #020988","SUPPL-48","PANTOPRAZOLE SODIUM","WYETH PHARMS","Labeling","Approval"
"12/12/2013","HUMALOG MIX 75/25BLA   #021017","SUPPL-95","INSULIN LISPRO PROTAMINE RECOMBINANT; INSULIN LISPRO RECOMBINANT","LILLY","","Approval"
"12/12/2013","HUMALOG MIX 75/25 KWIKPENBLA   #021017","SUPPL-95","INSULIN LISPRO PROTAMINE RECOMBINANT; INSULIN LISPRO RECOMBINANT","LILLY","","Approval"
"12/12/2013","HUMALOG MIX 75/25 PENBLA   #021017","SUPPL-95","INSULIN LISPRO PROTAMINE RECOMBINANT; INSULIN LISPRO RECOMBINANT","LILLY","","Approval"
"12/12/2013","CONCERTANDA   #021121","SUPPL-32","METHYLPHENIDATE HYDROCHLORIDE","JANSSEN PHARMS","Labeling","Approval"
"12/12/2013","FOCALINNDA   #021278","SUPPL-17","DEXMETHYLPHENIDATE HYDROCHLORIDE","NOVARTIS","Labeling","Approval"
"12/12/2013","METHYLINNDA   #021419","SUPPL-7","METHYLPHENIDATE HYDROCHLORIDE","SPECGX LLC","Labeling","Approval"
"12/12/2013","METHYLINNDA   #021475","SUPPL-7","METHYLPHENIDATE HYDROCHLORIDE","SPECGX LLC","Labeling","Approval"
"12/12/2013","DAYTRANANDA   #021514","SUPPL-17","METHYLPHENIDATE","NOVEN PHARMS INC","Labeling","Approval"
"12/12/2013","FOCALIN XRNDA   #021802","SUPPL-26","DEXMETHYLPHENIDATE HYDROCHLORIDE","NOVARTIS","Labeling","Approval"
"12/12/2013","ULORICNDA   #021856","SUPPL-7","FEBUXOSTAT","TAKEDA PHARMS USA","Manufacturing (CMC)","Approval"
"12/12/2013","VIBATIVNDA   #022110","SUPPL-8","TELAVANCIN HYDROCHLORIDE","CUMBERLAND PHARMS","Manufacturing (CMC)","Approval"
"12/12/2013","DOXIL (LIPOSOMAL)NDA   #050718","SUPPL-31","DOXORUBICIN HYDROCHLORIDE","BAXTER HLTHCARE CORP","Manufacturing (CMC)","Approval"
"12/12/2013","CEFUROXIME AND DEXTROSE IN DUPLEX CONTAINERNDA   #050780","SUPPL-18","CEFUROXIME SODIUM","B BRAUN","Manufacturing (CMC)","Approval"
"12/12/2013","BICALUTAMIDEANDA  #076932","SUPPL-4","BICALUTAMIDE","TEVA","Labeling","Approval"
"12/12/2013","AMYVIDNDA   #202008","SUPPL-20","FLORBETAPIR F-18","AVID RADIOPHARMS INC","Labeling","Approval"
"12/12/2013","QUILLIVANT XRNDA   #202100","SUPPL-3","METHYLPHENIDATE HYDROCHLORIDE","NEXTWAVE","Labeling","Approval"
"12/12/2013","AMIKACIN SULFATEANDA  #204040","ORIG-1","AMIKACIN SULFATE","EMCURE PHARMS LTD","","Approval"
"12/13/2013","RITALINNDA   #010187","SUPPL-77","METHYLPHENIDATE HYDROCHLORIDE","NOVARTIS","Labeling","Approval"
"12/13/2013","TECHNETIUM TC 99M GENERATORNDA   #017693","SUPPL-25","TECHNETIUM TC-99M SODIUM PERTECHNETATE GENERATOR","GE HEALTHCARE","Manufacturing (CMC)","Approval"
"12/13/2013","RITALIN-SRNDA   #018029","SUPPL-47","METHYLPHENIDATE HYDROCHLORIDE","NOVARTIS","Labeling","Approval"
"12/13/2013","EPI E Z PEN JRNDA   #019430","SUPPL-57","EPINEPHRINE","MYLAN SPECIALITY LP","Manufacturing (CMC)","Approval"
"12/13/2013","EPIPENNDA   #019430","SUPPL-57","EPINEPHRINE","MYLAN SPECIALITY LP","Manufacturing (CMC)","Approval"
"12/13/2013","EPIPEN E Z PENNDA   #019430","SUPPL-57","EPINEPHRINE","MYLAN SPECIALITY LP","Manufacturing (CMC)","Approval"
"12/13/2013","EPIPEN JR.NDA   #019430","SUPPL-57","EPINEPHRINE","MYLAN SPECIALITY LP","Manufacturing (CMC)","Approval"
"12/13/2013","ADENOCARDNDA   #019937","SUPPL-28","ADENOSINE","ASTELLAS","Manufacturing (CMC)","Approval"
"12/13/2013","TAXOTERENDA   #020449","SUPPL-71","DOCETAXEL","SANOFI AVENTIS US","Labeling","Approval"
"12/13/2013","ANTIZOLNDA   #020696","SUPPL-5","FOMEPIZOLE","PAR PHARM INC","Manufacturing (CMC)","Approval"
"12/13/2013","FORADILNDA   #020831","SUPPL-33","FORMOTEROL FUMARATE","NOVARTIS","Manufacturing (CMC)","Approval"
"12/13/2013","AVAGENDA   #021184","SUPPL-7","TAZAROTENE","ALLERGAN","Labeling","Approval"
"12/13/2013","TAZORACNDA   #021184","SUPPL-7","TAZAROTENE","ALLERGAN","Labeling","Approval"
"12/13/2013","METADATE CDNDA   #021259","SUPPL-27","METHYLPHENIDATE HYDROCHLORIDE","LANNETT CO INC","Labeling","Approval"
"12/13/2013","RITALIN LANDA   #021284","SUPPL-23","METHYLPHENIDATE HYDROCHLORIDE","NOVARTIS","Labeling","Approval"
"12/13/2013","PRISMASOL B22GK 2/0 IN PLASTIC CONTAINERNDA   #021703","SUPPL-12","CALCIUM CHLORIDE; DEXTROSE; LACTIC ACID; MAGNESIUM CHLORIDE; POTASSIUM CHLORIDE; SODIUM BICARBONATE; SODIUM CHLORIDE","BAXTER HLTHCARE CORP","Manufacturing (CMC)","Approval"
"12/13/2013","PRISMASOL B22GK 2/2.5 IN PLASTIC CONTAINERNDA   #021703","SUPPL-12","CALCIUM CHLORIDE; DEXTROSE; LACTIC ACID; MAGNESIUM CHLORIDE; POTASSIUM CHLORIDE; SODIUM BICARBONATE; SODIUM CHLORIDE","BAXTER HLTHCARE CORP","Manufacturing (CMC)","Approval"
"12/13/2013","PRISMASOL B22GK 4/0 IN PLASTIC CONTAINERNDA   #021703","SUPPL-12","CALCIUM CHLORIDE; DEXTROSE; LACTIC ACID; MAGNESIUM CHLORIDE; POTASSIUM CHLORIDE; SODIUM BICARBONATE; SODIUM CHLORIDE","BAXTER HLTHCARE CORP","Manufacturing (CMC)","Approval"
"12/13/2013","PRISMASOL B22GK 4/2.5 IN PLASTIC CONTAINERNDA   #021703","SUPPL-12","CALCIUM CHLORIDE; DEXTROSE; LACTIC ACID; MAGNESIUM CHLORIDE; POTASSIUM CHLORIDE; SODIUM BICARBONATE; SODIUM CHLORIDE","BAXTER HLTHCARE CORP","Manufacturing (CMC)","Approval"
"12/13/2013","PRISMASOL BGK 0/2.5 IN PLASTIC CONTAINERNDA   #021703","SUPPL-12","CALCIUM CHLORIDE; DEXTROSE; LACTIC ACID; MAGNESIUM CHLORIDE; POTASSIUM CHLORIDE; SODIUM BICARBONATE; SODIUM CHLORIDE","BAXTER HLTHCARE CORP","Manufacturing (CMC)","Approval"
"12/13/2013","PRISMASOL BGK 2/0 IN PLASTIC CONTAINERNDA   #021703","SUPPL-12","CALCIUM CHLORIDE; DEXTROSE; LACTIC ACID; MAGNESIUM CHLORIDE; POTASSIUM CHLORIDE; SODIUM BICARBONATE; SODIUM CHLORIDE","BAXTER HLTHCARE CORP","Manufacturing (CMC)","Approval"
"12/13/2013","PRISMASOL BGK 2/3.5 IN PLASTIC CONTAINERNDA   #021703","SUPPL-12","CALCIUM CHLORIDE; DEXTROSE; LACTIC ACID; MAGNESIUM CHLORIDE; POTASSIUM CHLORIDE; SODIUM BICARBONATE; SODIUM CHLORIDE","BAXTER HLTHCARE CORP","Manufacturing (CMC)","Approval"
"12/13/2013","PRISMASOL BGK 4/0 IN PLASTIC CONTAINERNDA   #021703","SUPPL-12","CALCIUM CHLORIDE; DEXTROSE; LACTIC ACID; MAGNESIUM CHLORIDE; POTASSIUM CHLORIDE; SODIUM BICARBONATE; SODIUM CHLORIDE","BAXTER HLTHCARE CORP","Manufacturing (CMC)","Approval"
"12/13/2013","PRISMASOL BGK 4/0/1.2 IN PLASTIC CONTAINERNDA   #021703","SUPPL-12","CALCIUM CHLORIDE; DEXTROSE; LACTIC ACID; MAGNESIUM CHLORIDE; POTASSIUM CHLORIDE; SODIUM BICARBONATE; SODIUM CHLORIDE","BAXTER HLTHCARE CORP","Manufacturing (CMC)","Approval"
"12/13/2013","PRISMASOL BGK 4/2.5 IN PLASTIC CONTAINERNDA   #021703","SUPPL-12","CALCIUM CHLORIDE; DEXTROSE; LACTIC ACID; MAGNESIUM CHLORIDE; POTASSIUM CHLORIDE; SODIUM BICARBONATE; SODIUM CHLORIDE","BAXTER HLTHCARE CORP","Manufacturing (CMC)","Approval"
"12/13/2013","PRISMASOL BGK 4/3.5 IN PLASTIC CONTAINERNDA   #021703","SUPPL-12","CALCIUM CHLORIDE; DEXTROSE; LACTIC ACID; MAGNESIUM CHLORIDE; POTASSIUM CHLORIDE; SODIUM BICARBONATE; SODIUM CHLORIDE","BAXTER HLTHCARE CORP","Manufacturing (CMC)","Approval"
"12/13/2013","PRISMASOL BK 0/0 IN PLASTIC CONTAINERNDA   #021703","SUPPL-12","CALCIUM CHLORIDE; DEXTROSE; LACTIC ACID; MAGNESIUM CHLORIDE; POTASSIUM CHLORIDE; SODIUM BICARBONATE; SODIUM CHLORIDE","BAXTER HLTHCARE CORP","Manufacturing (CMC)","Approval"
"12/13/2013","PRISMASOL BK 0/0/1.2 IN PLASTIC CONTAINERNDA   #021703","SUPPL-12","CALCIUM CHLORIDE; DEXTROSE; LACTIC ACID; MAGNESIUM CHLORIDE; POTASSIUM CHLORIDE; SODIUM BICARBONATE; SODIUM CHLORIDE","BAXTER HLTHCARE CORP","Manufacturing (CMC)","Approval"
"12/13/2013","PRISMASOL BK 0/3.5 IN PLASTIC CONTAINERNDA   #021703","SUPPL-12","CALCIUM CHLORIDE; DEXTROSE; LACTIC ACID; MAGNESIUM CHLORIDE; POTASSIUM CHLORIDE; SODIUM BICARBONATE; SODIUM CHLORIDE","BAXTER HLTHCARE CORP","Manufacturing (CMC)","Approval"
"12/13/2013","PRISMASOL BK 4/2.5 IN PLASTIC CONTAINERNDA   #021703","SUPPL-12","CALCIUM CHLORIDE; DEXTROSE; LACTIC ACID; MAGNESIUM CHLORIDE; POTASSIUM CHLORIDE; SODIUM BICARBONATE; SODIUM CHLORIDE","BAXTER HLTHCARE CORP","Manufacturing (CMC)","Approval"
"12/13/2013","MEN'S ROGAINENDA   #021812","SUPPL-10","MINOXIDIL","JOHNSON AND JOHNSON","Labeling","Approval"
"12/13/2013","WOMEN'S ROGAINENDA   #021812","SUPPL-10","MINOXIDIL","JOHNSON AND JOHNSON","Labeling","Approval"
"12/13/2013","BRILINTANDA   #022433","SUPPL-10","TICAGRELOR","ASTRAZENECA PHARMS","Labeling","Approval"
"12/13/2013","MOEXIPRIL HYDROCHLORIDE AND HYDROCHLOROTHIAZIDEANDA  #076980","SUPPL-9","HYDROCHLOROTHIAZIDE; MOEXIPRIL HYDROCHLORIDE","TEVA","Labeling","Approval"
"12/13/2013","MOEXIPRIL HYDROCHLORIDE AND HYDROCHLOROTHIAZIDEANDA  #076980","SUPPL-11","HYDROCHLOROTHIAZIDE; MOEXIPRIL HYDROCHLORIDE","TEVA","Manufacturing (CMC)","Approval"
"12/13/2013","LEVALBUTEROL HYDROCHLORIDEANDA  #078171","ORIG-1","LEVALBUTEROL HYDROCHLORIDE","CIPLA","","Approval"
"12/13/2013","MOEXIPRIL HYDROCHLORIDE AND HYDROCHLOROTHIAZIDEANDA  #090096","SUPPL-2","HYDROCHLOROTHIAZIDE; MOEXIPRIL HYDROCHLORIDE","CHARTWELL RX","Labeling","Approval"
"12/13/2013","MOEXIPRIL HYDROCHLORIDE AND HYDROCHLOROTHIAZIDEANDA  #090718","SUPPL-3","HYDROCHLOROTHIAZIDE; MOEXIPRIL HYDROCHLORIDE","GLENMARK PHARMS","Labeling","Approval"
"12/13/2013","MOEXIPRIL HYDROCHLORIDE AND HYDROCHLOROTHIAZIDEANDA  #090718","SUPPL-6","HYDROCHLOROTHIAZIDE; MOEXIPRIL HYDROCHLORIDE","GLENMARK PHARMS","Labeling","Approval"
"12/13/2013","FELODIPINEANDA  #091200","ORIG-1","FELODIPINE","SUN PHARM INDS LTD","","Approval"
"12/13/2013","BENLYSTABLA   #125370","SUPPL-47","BELIMUMAB","HUMAN GENOME SCIENCES INC.","","Approval"
"12/13/2013","COMPLERANDA   #202123","SUPPL-12","EMTRICITABINE; RILPIVIRINE HYDROCHLORIDE; TENOFOVIR DISOPROXIL FUMARATE","GILEAD SCIENCES INC","Efficacy","Approval"
"12/13/2013","KALYDECONDA   #203188","SUPPL-3","IVACAFTOR","VERTEX PHARMS","Manufacturing (CMC)","Approval"
"12/14/2013","ONDANSETRON HYDROCHLORIDEANDA  #077577","SUPPL-1","ONDANSETRON HYDROCHLORIDE","WOCKHARDT","Labeling","Approval"
"12/14/2013","ONDANSETRON HYDROCHLORIDE PRESERVATIVE FREEANDA  #077716","SUPPL-3","ONDANSETRON HYDROCHLORIDE","WOCKHARDT","Labeling","Approval"
"12/15/2013","TYSABRIBLA   #125104","SUPPL-840","NATALIZUMAB","BIOGEN IDEC","","Approval"
"12/15/2013","TYSABRIBLA   #125104","SUPPL-847","NATALIZUMAB","BIOGEN IDEC","","Approval"
"12/15/2013","TYSABRIBLA   #125104","SUPPL-889","NATALIZUMAB","BIOGEN IDEC","","Approval"
"12/16/2013","DOPAMINE HYDROCHLORIDE IN DEXTROSE 5% IN PLASTIC CONTAINERNDA   #018826","SUPPL-44","DOPAMINE HYDROCHLORIDE","HOSPIRA","Manufacturing (CMC)","Approval"
"12/16/2013","PENTASANDA   #020049","SUPPL-26","MESALAMINE","SHIRE","Labeling","Approval"
"12/16/2013","LOTEMAXNDA   #020583","SUPPL-28","LOTEPREDNOL ETABONATE","BAUSCH AND LOMB","Manufacturing (CMC)","Approval"
"12/16/2013","ALREXNDA   #020803","SUPPL-26","LOTEPREDNOL ETABONATE","BAUSCH AND LOMB","Manufacturing (CMC)","Approval"
"12/16/2013","TRUVADANDA   #021752","SUPPL-43","EMTRICITABINE; TENOFOVIR DISOPROXIL FUMARATE","GILEAD","Labeling","Approval"
"12/16/2013","LIALDANDA   #022000","SUPPL-11","MESALAMINE","SHIRE","Labeling","Approval"
"12/16/2013","GIAZONDA   #022205","SUPPL-1","BALSALAZIDE DISODIUM","VALEANT PHARMS INTL","Labeling","Approval"
"12/16/2013","MERREMNDA   #050706","SUPPL-32","MEROPENEM","PFIZER","Labeling","Approval"
"12/16/2013","MERREMNDA   #050706","SUPPL-34","MEROPENEM","PFIZER","Labeling","Approval"
"12/16/2013","SERTRALINE HYDROCHLORIDEANDA  #077670","SUPPL-16","SERTRALINE HYDROCHLORIDE","LUPIN","Labeling","Approval"
"12/16/2013","SERTRALINE HYDROCHLORIDEANDA  #077670","SUPPL-20","SERTRALINE HYDROCHLORIDE","LUPIN","Labeling","Approval"
"12/16/2013","AVASTINBLA   #125085","SUPPL-285","BEVACIZUMAB","GENENTECH","","Approval"
"12/16/2013","TEFLARONDA   #200327","SUPPL-11","CEFTAROLINE FOSAMIL","ALLERGAN","Labeling","Approval"
"12/17/2013","ADAGENBLA   #019818","SUPPL-51","PEGADEMASE BOVINE","LEADIANT BIOSCI INC","","Approval"
"12/17/2013","GEODONNDA   #020825","SUPPL-49","ZIPRASIDONE HYDROCHLORIDE","PFIZER","Labeling","Approval"
"12/17/2013","GEODONNDA   #020919","SUPPL-35","ZIPRASIDONE MESYLATE","PFIZER","Labeling","Approval"
"12/17/2013","CANASANDA   #021252","SUPPL-20","MESALAMINE","ALLERGAN","Labeling","Approval"
"12/17/2013","MOVIPREPNDA   #021881","SUPPL-16","ASCORBIC ACID; POLYETHYLENE GLYCOL 3350; POTASSIUM CHLORIDE; SODIUM ASCORBATE; SODIUM CHLORIDE; SODIUM SULFATE","SALIX PHARMS","Labeling","Approval"
"12/17/2013","VIIBRYDNDA   #022567","SUPPL-9","VILAZODONE HYDROCHLORIDE","ALLERGAN","Labeling","Approval"
"12/17/2013","DULOXETINE HYDROCHLORIDEANDA  #090776","ORIG-1","DULOXETINE HYDROCHLORIDE","ACTAVIS ELIZABETH","","Approval"
"12/17/2013","SILDENAFIL CITRATEANDA  #202255","ORIG-1","SILDENAFIL CITRATE","MACLEODS PHARMA","","Tentative Approval"
"12/17/2013","SILDENAFIL CITRATEANDA  #203814","ORIG-1","SILDENAFIL CITRATE","MACLEODS PHARMS LTD","","Approval"
"12/17/2013","JUXTAPIDNDA   #203858","SUPPL-4","LOMITAPIDE MESYLATE","AEGERION","Manufacturing (CMC)","Approval"
"12/18/2013","STIMATENDA   #020355","SUPPL-19","DESMOPRESSIN ACETATE","FERRING PHARMS INC","Manufacturing (CMC)","Approval"
"12/18/2013","STIMATE (NEEDS NO REFRIGERATION)NDA   #020355","SUPPL-19","DESMOPRESSIN ACETATE","FERRING PHARMS INC","Manufacturing (CMC)","Approval"
"12/18/2013","CANCIDASNDA   #021227","SUPPL-32","CASPOFUNGIN ACETATE","MERCK","Manufacturing (CMC)","Approval"
"12/18/2013","CEFOTETAN AND DEXTROSE IN DUPLEX CONTAINERNDA   #065430","SUPPL-6","CEFOTETAN DISODIUM","B BRAUN","Manufacturing (CMC)","Approval"
"12/18/2013","PEGINTRONBLA   #103949","SUPPL-5259","PEGINTERFERON ALFA-2B","SCHERING","","Approval"
"12/18/2013","SYLATRONBLA   #103949","SUPPL-5259","PEGINTERFERON ALFA-2B","SCHERING","","Approval"
"12/18/2013","GADAVISTNDA   #201277","SUPPL-4","GADOBUTROL","BAYER HLTHCARE","Manufacturing (CMC)","Approval"
"12/18/2013","JENTADUETONDA   #201281","SUPPL-5","LINAGLIPTIN; METFORMIN HYDROCHLORIDE","BOEHRINGER INGELHEIM","Manufacturing (CMC)","Approval"
"12/18/2013","ANORO ELLIPTANDA   #203975","ORIG-1","UMECLIDINIUM BROMIDE; VILANTEROL TRIFENATATE","GLAXOSMITHKLINE","Type 1 - New Molecular Entity and Type 4 - New Combination","Approval"
"12/18/2013","ADRENALINNDA   #204640","ORIG-1","EPINEPHRINE","PAR STERILE PRODUCTS","Type 7 - Drug Already Marketed without Approved NDA","Approval"
"12/19/2013","PROPYLTHIOURACILNDA   #006188","SUPPL-23","PROPYLTHIOURACIL","DAVA PHARMS INC","Manufacturing (CMC)","Approval"
"12/19/2013","DARANIDENDA   #011366","SUPPL-29","DICHLORPHENAMIDE","STRONGBRIDGE US","Manufacturing (CMC)","Approval"
"12/19/2013","KEVEYISNDA   #011366","SUPPL-29","DICHLORPHENAMIDE","STRONGBRIDGE US","Manufacturing (CMC)","Approval"
"12/19/2013","TENUATE DOSPANNDA   #012546","SUPPL-33","DIETHYLPROPION HYDROCHLORIDE","NOSTRUM LABS INC","Manufacturing (CMC)","Approval"
"12/19/2013","CONRAYNDA   #013295","SUPPL-64","IOTHALAMATE MEGLUMINE","LIEBEL-FLARSHEIM","Manufacturing (CMC)","Approval"
"12/19/2013","CONRAY 43NDA   #013295","SUPPL-64","IOTHALAMATE MEGLUMINE","LIEBEL-FLARSHEIM","Manufacturing (CMC)","Approval"
"12/19/2013","CONRAY 30NDA   #016983","SUPPL-32","IOTHALAMATE MEGLUMINE","LIEBEL-FLARSHEIM","Manufacturing (CMC)","Approval"
"12/19/2013","CYSTO-CONRAYNDA   #017057","SUPPL-31","IOTHALAMATE MEGLUMINE","LIEBEL-FLARSHEIM","Manufacturing (CMC)","Approval"
"12/19/2013","CYSTO-CONRAY IINDA   #017057","SUPPL-31","IOTHALAMATE MEGLUMINE","LIEBEL-FLARSHEIM","Manufacturing (CMC)","Approval"
"12/19/2013","HALDOLNDA   #018701","SUPPL-69","HALOPERIDOL DECANOATE","JANSSEN PHARMS","Manufacturing (CMC)","Approval"
"12/19/2013","OPTIRAY 160NDA   #019710","SUPPL-50","IOVERSOL","LIEBEL-FLARSHEIM","Manufacturing (CMC)","Approval"
"12/19/2013","OPTIRAY 240NDA   #019710","SUPPL-50","IOVERSOL","LIEBEL-FLARSHEIM","Manufacturing (CMC)","Approval"
"12/19/2013","OPTIRAY 300NDA   #019710","SUPPL-50","IOVERSOL","LIEBEL-FLARSHEIM","Manufacturing (CMC)","Approval"
"12/19/2013","OPTIRAY 320NDA   #019710","SUPPL-50","IOVERSOL","LIEBEL-FLARSHEIM","Manufacturing (CMC)","Approval"
"12/19/2013","OPTIRAY 350NDA   #019710","SUPPL-50","IOVERSOL","LIEBEL-FLARSHEIM","Manufacturing (CMC)","Approval"
"12/19/2013","RETROVIRNDA   #019951","SUPPL-31","ZIDOVUDINE","VIIV HLTHCARE","Manufacturing (CMC)","Approval"
"12/19/2013","GONAL-FBLA   #020378","SUPPL-64","FOLLITROPIN ALFA/BETA","EMD SERONO","","Approval"
"12/19/2013","OPTIRAY 240NDA   #020923","SUPPL-16","IOVERSOL","LIEBEL-FLARSHEIM","Manufacturing (CMC)","Approval"
"12/19/2013","OPTIRAY 300NDA   #020923","SUPPL-16","IOVERSOL","LIEBEL-FLARSHEIM","Manufacturing (CMC)","Approval"
"12/19/2013","OPTIRAY 320NDA   #020923","SUPPL-16","IOVERSOL","LIEBEL-FLARSHEIM","Manufacturing (CMC)","Approval"
"12/19/2013","OPTIRAY 350NDA   #020923","SUPPL-16","IOVERSOL","LIEBEL-FLARSHEIM","Manufacturing (CMC)","Approval"
"12/19/2013","OVIDRELBLA   #021149","SUPPL-37","CHORIOGONADOTROPIN ALFA","EMD SERONO","","Approval"
"12/19/2013","CAVERJECT IMPULSENDA   #021212","SUPPL-7","ALPROSTADIL","PHARMACIA AND UPJOHN","Labeling","Approval"
"12/19/2013","RANEXANDA   #021526","SUPPL-26","RANOLAZINE","GILEAD","Labeling","Approval"
"12/19/2013","GONAL-FBLA   #021765","SUPPL-34","FOLLITROPIN ALFA/BETA","EMD SERONO","","Approval"
"12/19/2013","GONAL-F RFFBLA   #021765","SUPPL-34","FOLLITROPIN ALFA/BETA","EMD SERONO","","Approval"
"12/19/2013","BARACLUDENDA   #021797","SUPPL-17","ENTECAVIR","BRISTOL MYERS SQUIBB","Labeling","Approval"
"12/19/2013","BARACLUDENDA   #021798","SUPPL-18","ENTECAVIR","BRISTOL MYERS SQUIBB","Labeling","Approval"
"12/19/2013","REVLIMIDNDA   #021880","SUPPL-36","LENALIDOMIDE","CELGENE","Manufacturing (CMC)","Approval"
"12/19/2013","KUVANNDA   #022181","SUPPL-9","SAPROPTERIN DIHYDROCHLORIDE","BIOMARIN PHARM","Efficacy","Approval"
"12/19/2013","KUVANNDA   #022181","SUPPL-10","SAPROPTERIN DIHYDROCHLORIDE","BIOMARIN PHARM","Efficacy","Approval"
"12/19/2013","ERYCNDA   #050536","SUPPL-23","ERYTHROMYCIN","MAYNE PHARMA","Manufacturing (CMC)","Approval"
"12/19/2013","ERYCNDA   #050536","SUPPL-24","ERYTHROMYCIN","MAYNE PHARMA","Manufacturing (CMC)","Approval"
"12/19/2013","OMEPRAZOLEANDA  #076515","SUPPL-16","OMEPRAZOLE","SANDOZ","Labeling","Approval"
"12/19/2013","OMEPRAZOLEANDA  #076515","SUPPL-18","OMEPRAZOLE","SANDOZ","Labeling","Approval"
"12/19/2013","ONDANSETRON HYDROCHLORIDEANDA  #077050","SUPPL-5","ONDANSETRON HYDROCHLORIDE","SUN PHARM INDS (IN)","Labeling","Approval"
"12/19/2013","VENLAFAXINE HYDROCHLORIDEANDA  #200834","SUPPL-5","VENLAFAXINE HYDROCHLORIDE","AUROBINDO PHARMA LTD","Labeling","Approval"
"12/19/2013","VENLAFAXINE HYDROCHLORIDEANDA  #200834","SUPPL-6","VENLAFAXINE HYDROCHLORIDE","AUROBINDO PHARMA LTD","Labeling","Approval"
"12/19/2013","VENLAFAXINE HYDROCHLORIDEANDA  #200834","SUPPL-7","VENLAFAXINE HYDROCHLORIDE","AUROBINDO PHARMA LTD","Labeling","Approval"
"12/19/2013","ESCITALOPRAM OXALATEANDA  #202227","SUPPL-1","ESCITALOPRAM OXALATE","AMNEAL PHARMS","Labeling","Approval"
"12/19/2013","ERIVEDGENDA   #203388","SUPPL-3","VISMODEGIB","GENENTECH","Manufacturing (CMC)","Approval"
"12/19/2013","GABAPENTINANDA  #203611","ORIG-1","GABAPENTIN","ACTAVIS ELIZABETH","","Tentative Approval"
"12/19/2013","BRISDELLENDA   #204516","SUPPL-1","PAROXETINE MESYLATE","SEBELA IRELAND LTD","Manufacturing (CMC)","Approval"
"12/19/2013","KUVANNDA   #205065","ORIG-1","SAPROPTERIN DIHYDROCHLORIDE","BIOMARIN PHARM","Type 3 - New Dosage Form","Approval"
"12/20/2013","ULTRA-TECHNEKOW FMNDA   #017243","SUPPL-44","TECHNETIUM TC-99M SODIUM PERTECHNETATE GENERATOR","CURIUM","Labeling","Approval"
"12/20/2013","TYLENOLNDA   #019872","SUPPL-39","ACETAMINOPHEN","J AND J CONSUMER INC","Labeling","Approval"
"12/20/2013","METASTRONNDA   #020134","SUPPL-12","STRONTIUM CHLORIDE SR-89","Q BIOMED","Labeling","Approval"
"12/20/2013","LAMICTALNDA   #020241","SUPPL-39","LAMOTRIGINE","GLAXOSMITHKLINE LLC","Labeling","Approval"
"12/20/2013","CHILDREN'S ADVILNDA   #020589","SUPPL-29","IBUPROFEN","GLAXOSMITHKLINE","Manufacturing (CMC)","Approval"
"12/20/2013","CHILDREN'S ADVIL-FLAVOREDNDA   #020589","SUPPL-29","IBUPROFEN","GLAXOSMITHKLINE","Manufacturing (CMC)","Approval"
"12/20/2013","LAMICTAL CDNDA   #020764","SUPPL-32","LAMOTRIGINE","GLAXOSMITHKLINE LLC","Labeling","Approval"
"12/20/2013","EPIVIR-HBVNDA   #021003","SUPPL-15","LAMIVUDINE","GLAXOSMITHKLINE","Labeling","Approval"
"12/20/2013","EPIVIR-HBVNDA   #021004","SUPPL-15","LAMIVUDINE","GLAXOSMITHKLINE","Labeling","Approval"
"12/20/2013","TAMIFLUNDA   #021087","SUPPL-63","OSELTAMIVIR PHOSPHATE","ROCHE","Manufacturing (CMC)","Approval"
"12/20/2013","XYREMNDA   #021196","SUPPL-18","SODIUM OXYBATE","JAZZ PHARMS","Manufacturing (CMC)","Approval"
"12/20/2013","ZEGERIDNDA   #021636","SUPPL-14","OMEPRAZOLE; SODIUM BICARBONATE","SALIX","Manufacturing (CMC)","Approval"
"12/20/2013","RELISTORNDA   #021964","SUPPL-14","METHYLNALTREXONE BROMIDE","SALIX PHARMS","Manufacturing (CMC)","Approval"
"12/20/2013","TORISELNDA   #022088","SUPPL-15","TEMSIROLIMUS","PF PRISM CV","Manufacturing (CMC)","Approval"
"12/20/2013","LAMICTAL XRNDA   #022115","SUPPL-3","LAMOTRIGINE","GLAXOSMITHKLINE LLC","Labeling","Approval"
"12/20/2013","ISENTRESSNDA   #022145","SUPPL-31","RALTEGRAVIR POTASSIUM","MERCK SHARP DOHME","Efficacy","Approval"
"12/20/2013","ISENTRESS HDNDA   #022145","SUPPL-31","RALTEGRAVIR POTASSIUM","MERCK SHARP DOHME","Efficacy","Approval"
"12/20/2013","LAMICTAL ODTNDA   #022251","SUPPL-1","LAMOTRIGINE","GLAXOSMITHKLINE LLC","Labeling","Approval"
"12/20/2013","DESLORATADINEANDA  #078357","SUPPL-1","DESLORATADINE","ORCHID HLTHCARE","Labeling","Approval"
"12/20/2013","ORENCIABLA   #125118","SUPPL-171","ABATACEPT","BRISTOL MYERS SQUIBB","","Approval"
"12/20/2013","AMPICILLIN SODIUMANDA  #201404","ORIG-1","AMPICILLIN SODIUM","ISTITUTO BIO ITA SPA","","Approval"
"12/20/2013","ISENTRESSNDA   #203045","SUPPL-9","RALTEGRAVIR POTASSIUM","MERCK SHARP DOHME","Efficacy","Approval"
"12/20/2013","ICLUSIGNDA   #203469","SUPPL-7","PONATINIB HYDROCHLORIDE","ARIAD","Labeling","Approval"
"12/20/2013","ICLUSIGNDA   #203469","SUPPL-8","PONATINIB HYDROCHLORIDE","ARIAD","REMS","Approval"
"12/20/2013","ORENITRAMNDA   #203496","ORIG-1","TREPROSTINIL DIOLAMINE","UNITED THERAP","Type 3 - New Dosage Form","Approval"
"12/20/2013","METOCLOPRAMIDEANDA  #204756","ORIG-1","METOCLOPRAMIDE HYDROCHLORIDE","EMCURE PHARMS LTD","","Approval"
"12/20/2013","ISENTRESSNDA   #205786","ORIG-1","RALTEGRAVIR POTASSIUM","MERCK SHARP DOHME","Type 3 - New Dosage Form","Approval"
"12/23/2013","SURMONTILNDA   #016792","SUPPL-35","TRIMIPRAMINE MALEATE","ODYSSEY PHARMS","Manufacturing (CMC)","Approval"
"12/23/2013","WELLBUTRINNDA   #018644","SUPPL-46","BUPROPION HYDROCHLORIDE","GLAXOSMITHKLINE","Labeling","Approval"
"12/23/2013","WELLBUTRINNDA   #018644","SUPPL-47","BUPROPION HYDROCHLORIDE","GLAXOSMITHKLINE","Labeling","Approval"
"12/23/2013","WELLBUTRIN SRNDA   #020358","SUPPL-53","BUPROPION HYDROCHLORIDE","GLAXOSMITHKLINE","Labeling","Approval"
"12/23/2013","WELLBUTRIN SRNDA   #020358","SUPPL-54","BUPROPION HYDROCHLORIDE","GLAXOSMITHKLINE","Labeling","Approval"
"12/23/2013","INFASURF PRESERVATIVE FREEBLA   #020521","SUPPL-25","CALFACTANT","ONY","","Approval"
"12/23/2013","FOSAMAXNDA   #020560","SUPPL-66","ALENDRONATE SODIUM","MERCK AND CO INC","Labeling","Approval"
"12/23/2013","LYRICANDA   #021446","SUPPL-29","PREGABALIN","PF PRISM CV","Labeling","Approval"
"12/23/2013","FOSAMAXNDA   #021575","SUPPL-23","ALENDRONATE SODIUM","MERCK","Labeling","Approval"
"12/23/2013","PRISTIQNDA   #021992","SUPPL-37","DESVENLAFAXINE SUCCINATE","PF PRISM CV","Labeling","Approval"
"12/23/2013","FERAHEMENDA   #022180","SUPPL-10","FERUMOXYTOL","AMAG PHARMS INC","Manufacturing (CMC)","Approval"
"12/23/2013","LYRICANDA   #022488","SUPPL-8","PREGABALIN","PF PRISM CV","Manufacturing (CMC)","Approval"
"12/23/2013","ABELCETNDA   #050724","SUPPL-17","AMPHOTERICIN B","LEADIANT BIOSCI INC","Manufacturing (CMC)","Approval"
"12/23/2013","DESMOPRESSIN ACETATE (NEEDS NO REFRIGERATION)ANDA  #078271","ORIG-1","DESMOPRESSIN ACETATE","SUN PHARM","","Approval"
"12/23/2013","BINOSTONDA   #202344","SUPPL-6","ALENDRONATE SODIUM","ASCEND THERAPS US","Manufacturing (CMC)","Approval"
"12/23/2013","SODIUM FLUORIDE F-18ANDA  #203247","ORIG-1","SODIUM FLUORIDE F-18","UNIV TX MD ANDERSON","","Approval"
"12/23/2013","LAMOTRIGINEANDA  #203370","ORIG-1","LAMOTRIGINE","TORRENT","","Approval"
"12/23/2013","FLUDEOXYGLUCOSE F18ANDA  #203709","ORIG-1","FLUDEOXYGLUCOSE F-18","WI MEDCL CYCLOTRON","","Approval"
"12/24/2013","HECTOROLNDA   #021027","SUPPL-28","DOXERCALCIFEROL","SANOFI","Manufacturing (CMC)","Approval"
"12/24/2013","CANASANDA   #021252","SUPPL-18","MESALAMINE","ALLERGAN","Manufacturing (CMC)","Approval"
"12/24/2013","ONDANSETRON HYDROCHLORIDEANDA  #077473","SUPPL-7","ONDANSETRON HYDROCHLORIDE","HOSPIRA","Labeling","Approval"
"12/24/2013","ONDANSETRON HYDROCHLORIDEANDA  #077473","SUPPL-8","ONDANSETRON HYDROCHLORIDE","HOSPIRA","Labeling","Approval"
"12/24/2013","ONDANSETRON HYDROCHLORIDE PRESERVATIVE FREEANDA  #077548","SUPPL-7","ONDANSETRON HYDROCHLORIDE","HOSPIRA","Labeling","Approval"
"12/24/2013","ONDANSETRON HYDROCHLORIDE PRESERVATIVE FREEANDA  #077548","SUPPL-8","ONDANSETRON HYDROCHLORIDE","HOSPIRA","Labeling","Approval"
"12/26/2013","XYLOCAINENDA   #006488","SUPPL-88","LIDOCAINE HYDROCHLORIDE","FRESENIUS KABI USA","Manufacturing (CMC)","Approval"
"12/26/2013","XYLOCAINE W/ EPINEPHRINENDA   #006488","SUPPL-88","EPINEPHRINE; LIDOCAINE HYDROCHLORIDE","FRESENIUS KABI USA","Manufacturing (CMC)","Approval"
"12/26/2013","DILANTINANDA  #084349","SUPPL-71","PHENYTOIN SODIUM","PARKE-DAVIS","Labeling","Approval"
"12/26/2013","DILANTINANDA  #084427","SUPPL-29","PHENYTOIN","PFIZER","Labeling","Approval"
"12/26/2013","OXYCODONE AND ACETAMINOPHENANDA  #090535","ORIG-1","ACETAMINOPHEN; OXYCODONE HYDROCHLORIDE","SUN PHARM INDS INC","","Approval"
"12/26/2013","TAFINLARNDA   #202806","SUPPL-1","DABRAFENIB MESYLATE","NOVARTIS","Labeling","Approval"
"12/26/2013","POTASSIUM CHLORIDEANDA  #202886","ORIG-1","POTASSIUM CHLORIDE","ANCHEN PHARMS","","Approval"
"12/27/2013","DUACNDA   #050741","SUPPL-21","BENZOYL PEROXIDE; CLINDAMYCIN PHOSPHATE","STIEFEL","Labeling","Approval"
"12/27/2013","PAROXETINE HYDROCHLORIDEANDA  #077873","SUPPL-20","PAROXETINE HYDROCHLORIDE","MYLAN","Labeling","Approval"
"12/27/2013","PAROXETINE HYDROCHLORIDEANDA  #091427","SUPPL-5","PAROXETINE HYDROCHLORIDE","MYLAN","Labeling","Approval"
"12/27/2013","SIMPONIBLA   #125289","SUPPL-103","GOLIMUMAB","CENTOCOR ORTHO BIOTECH INC","","Approval"
"12/30/2013","SINGULAIRNDA   #020829","SUPPL-66","MONTELUKAST SODIUM","MSD MERCK CO","Labeling","Approval"
"12/30/2013","SINGULAIRNDA   #020830","SUPPL-68","MONTELUKAST SODIUM","MSD MERCK CO","Labeling","Approval"
"12/30/2013","SINGULAIRNDA   #021409","SUPPL-43","MONTELUKAST SODIUM","MERCK","Labeling","Approval"
"12/30/2013","KEFLEXNDA   #050405","SUPPL-104","CEPHALEXIN","PRAGMA","Manufacturing (CMC)","Approval"
"12/30/2013","ONDANSETRON HYDROCHLORIDEANDA  #077729","SUPPL-1","ONDANSETRON HYDROCHLORIDE","TARO","Labeling","Approval"
"12/30/2013","DIVALPROEX SODIUMANDA  #090407","SUPPL-2","DIVALPROEX SODIUM","MYLAN","Labeling","Approval"
"12/30/2013","DIVALPROEX SODIUMANDA  #090407","SUPPL-5","DIVALPROEX SODIUM","MYLAN","Labeling","Approval"
"12/30/2013","AMLODIPINE BESYLATE AND BENAZEPRIL HYDROCHLORIDEANDA  #091431","ORIG-1","AMLODIPINE BESYLATE; BENAZEPRIL HYDROCHLORIDE","APOTEX","","Approval"
"12/30/2013","EFAVIRENZ, LAMIVUDINE, AND TENOFOVIR DISOPROXIL FUMARATENDA   #204568","ORIG-1","EFAVIRENZ;LAMIVUDINE;TENOFOVIR DISOPROXIL FUMARATE","CIPLA","Type 4 - New Combination","Tentative Approval"
"12/31/2013","PRALIDOXIME CHLORIDENDA   #018986","SUPPL-43","PRALIDOXIME CHLORIDE","MERIDIAN MEDCL TECHN","Manufacturing (CMC)","Approval"
"12/31/2013","NITROGLYCERIN IN DEXTROSE 5%NDA   #019970","SUPPL-14","NITROGLYCERIN","BAXTER HLTHCARE","Manufacturing (CMC)","Approval"
"12/31/2013","DEXTROAMP SACCHARATE, AMP ASPARTATE, DEXTROAMP SULFATE AND AMP SULFATEANDA  #040444","SUPPL-12","AMPHETAMINE ASPARTATE; AMPHETAMINE SULFATE; DEXTROAMPHETAMINE SACCHARATE; DEXTROAMPHETAMINE SULFATE","EPIC PHARMA LLC","Labeling","Approval"
"12/31/2013","EXTENDED PHENYTOIN SODIUMANDA  #040765","SUPPL-4","PHENYTOIN SODIUM","AMNEAL PHARMS NY","Labeling","Approval"
"12/31/2013","PAROXETINE HYDROCHLORIDEANDA  #075356","SUPPL-35","PAROXETINE HYDROCHLORIDE","APOTEX","Labeling","Approval"
"12/31/2013","OMEPRAZOLEANDA  #075757","SUPPL-33","OMEPRAZOLE","SANDOZ","Labeling","Approval"
"12/31/2013","OMEPRAZOLEANDA  #075757","SUPPL-36","OMEPRAZOLE","SANDOZ","Labeling","Approval"
"12/31/2013","FOSINOPRIL SODIUMANDA  #076483","SUPPL-7","FOSINOPRIL SODIUM","UPSHER SMITH LABS","Labeling","Approval"
"12/31/2013","FOSINOPRIL SODIUMANDA  #076483","SUPPL-13","FOSINOPRIL SODIUM","UPSHER SMITH LABS","Labeling","Approval"
"12/31/2013","PAROXETINE HYDROCHLORIDEANDA  #076618","SUPPL-19","PAROXETINE HYDROCHLORIDE","TEVA","Labeling","Approval"
"12/31/2013","FOSINOPRIL SODIUMANDA  #076906","SUPPL-10","FOSINOPRIL SODIUM","APOTEX INC","Labeling","Approval"
"12/31/2013","FINASTERIDEANDA  #077251","SUPPL-2","FINASTERIDE","GEDEON RICHTER USA","Labeling","Approval"
"12/31/2013","PAROXETINE HYDROCHLORIDEANDA  #078406","SUPPL-21","PAROXETINE HYDROCHLORIDE","AUROBINDO PHARMA","Labeling","Approval"
"12/31/2013","PAROXETINE HYDROCHLORIDEANDA  #078902","SUPPL-14","PAROXETINE HYDROCHLORIDE","MYLAN","Labeling","Approval"
"12/31/2013","FOSINOPRIL SODIUMANDA  #091163","SUPPL-4","FOSINOPRIL SODIUM","AUROBINDO PHARMA LTD","Labeling","Approval"
"12/31/2013","TROSPIUM CHLORIDEANDA  #091575","SUPPL-8","TROSPIUM CHLORIDE","GLENMARK GENERICS","Labeling","Approval"
"12/31/2013","METHYLPHENIDATE HYDROCHLORIDEANDA  #091695","SUPPL-2","METHYLPHENIDATE HYDROCHLORIDE","LANNETT CO INC","Labeling","Approval"
"12/31/2013","EPOGEN/PROCRITBLA   #103234","SUPPL-5323","EPOETIN ALFA","AMGEN","","Approval"
"12/31/2013","ARANESPBLA   #103951","SUPPL-5325","DARBEPOETIN ALFA","AMGEN","","Approval"
"12/31/2013","ARANESPBLA   #103951","SUPPL-5349","DARBEPOETIN ALFA","AMGEN","","Approval"